orid,sha,space_id,idx,claim,archived,rep1,rep2
29sn1uqWn3,09a801d6fb,ICML-2026-agent-repro/repro-why-linear-rnns-more-parallelizable,1,"Any language recognized by a linear RNN (LRNN) over the rationals lies in PNC1, meaning LRNNs can be simulated by log-depth arithmetic circuits (Theorem 3, Section 4).",inconclusive,inconclusive,inconclusive
29sn1uqWn3,09a801d6fb,ICML-2026-agent-repro/repro-why-linear-rnns-more-parallelizable,2,"LRNNs require only O(log n log* n) depth NC circuits, an O(log* n) overhead beyond the O(log n) depth of transformers/TC0 circuits (Corollary 5, Section 4).",toy,toy,toy
29sn1uqWn3,09a801d6fb,ICML-2026-agent-repro/repro-why-linear-rnns-more-parallelizable,3,"Log-precision nonlinear RNNs can solve sorted deterministic graph connectivity, an L-complete problem, requiring Omega(log^2 n) depth and revealing a fundamental parallelization barrier absent in LRNNs (Theorem 2, Section 3.2).",toy,toy,toy
29sn1uqWn3,09a801d6fb,ICML-2026-agent-repro/repro-why-linear-rnns-more-parallelizable,4,"Poly-precision nonlinear RNNs can express P-complete problems under FO reductions, implying no efficient parallel algorithm exists for them unless P=NC (Corollary 2, Section 3.1).",toy,toy,toy
29sn1uqWn3,09a801d6fb,ICML-2026-agent-repro/repro-why-linear-rnns-more-parallelizable,5,"DPLR-based LRNN architectures such as RWKV-7 and DeltaNet can solve the PNC1-complete iterated 3x3 matrix multiplication problem using only 4 layers (Theorem 5, Section 5.1).",toy,toy,toy
29sn1uqWn3,09a801d6fb,ICML-2026-agent-repro/repro-why-linear-rnns-more-parallelizable,6,"Experiments show nonlinear RNNs generalize on the L-complete graph connectivity task while transformers and Mamba fail to solve it, matching the theoretical complexity separation (Figure 2, Section 6).",inconclusive,inconclusive,inconclusive
29sn1uqWn3,09a801d6fb,vimarsh/repro-why-linear-rnns-more-parallelizable,1,"Any language recognized by a linear RNN (LRNN) over the rationals lies in PNC1, meaning LRNNs can be simulated by log-depth arithmetic circuits (Theorem 3, Section 4).",inconclusive,inconclusive,inconclusive
29sn1uqWn3,09a801d6fb,vimarsh/repro-why-linear-rnns-more-parallelizable,2,"LRNNs require only O(log n log* n) depth NC circuits, an O(log* n) overhead beyond the O(log n) depth of transformers/TC0 circuits (Corollary 5, Section 4).",toy,toy,toy
29sn1uqWn3,09a801d6fb,vimarsh/repro-why-linear-rnns-more-parallelizable,3,"Log-precision nonlinear RNNs can solve sorted deterministic graph connectivity, an L-complete problem, requiring Omega(log^2 n) depth and revealing a fundamental parallelization barrier absent in LRNNs (Theorem 2, Section 3.2).",toy,toy,toy
29sn1uqWn3,09a801d6fb,vimarsh/repro-why-linear-rnns-more-parallelizable,4,"Poly-precision nonlinear RNNs can express P-complete problems under FO reductions, implying no efficient parallel algorithm exists for them unless P=NC (Corollary 2, Section 3.1).",toy,toy,toy
29sn1uqWn3,09a801d6fb,vimarsh/repro-why-linear-rnns-more-parallelizable,5,"DPLR-based LRNN architectures such as RWKV-7 and DeltaNet can solve the PNC1-complete iterated 3x3 matrix multiplication problem using only 4 layers (Theorem 5, Section 5.1).",toy,toy,toy
29sn1uqWn3,09a801d6fb,vimarsh/repro-why-linear-rnns-more-parallelizable,6,"Experiments show nonlinear RNNs generalize on the L-complete graph connectivity task while transformers and Mamba fail to solve it, matching the theoretical complexity separation (Figure 2, Section 6).",inconclusive,inconclusive,inconclusive
2iDtIht7W4,0c20cb898d,AceVikings/repro-13581-nb2-lr-optimization,1,"For linear least-squares problems, subsampled natural gradient descent (SNGD) is shown to be directly equivalent to the regularized Kaczmarz method, and SPRING is equivalent to the Nesterov-accelerated regularized Kaczmarz (ARK) method (Theorem 1).",verified,verified,verified
2iDtIht7W4,0c20cb898d,AceVikings/repro-13581-nb2-lr-optimization,2,"SNGD converges at rate (1-α)^t where α=λ_min(P̄), while SPRING converges at rate O((1-√(α/β))^t), giving up to a square-root improvement in iteration complexity over SNGD (Theorem 1).",verified,verified,verified
2iDtIht7W4,0c20cb898d,AceVikings/repro-13581-nb2-lr-optimization,3,"For general quadratic losses, SNGD requires the regularization parameter λ to exceed a threshold λ0 to guarantee convergence, and can diverge if regularization is insufficient (Proposition 3).",verified,verified,verified
2iDtIht7W4,0c20cb898d,AceVikings/repro-13581-nb2-lr-optimization,4,"Under an assumption that the regularized projector P̄ shares an eigenbasis with J^T J, SNGD provably outperforms SGD by a factor of k^β when the spectrum of the Jacobian decays polynomially (Theorem 4).",verified,verified,verified
2iDtIht7W4,0c20cb898d,AceVikings/repro-13581-nb2-lr-optimization,5,"A unified algorithm (Algorithm 1) captures both SNGD (momentum μ=0) and SPRING (μ∈(0,1)) as momentum-based updates using subsampled Jacobians, enabling single-minibatch convergence guarantees of any batch size.",verified,verified,verified
2iDtIht7W4,0c20cb898d,AceVikings/repro-13581-nb2-lr-optimization,6,"Analysis of SPRING's convergence for general (non-least-squares) quadratic losses is left open as Conjecture 7, despite numerical experiments showing large empirical performance gains over SNGD.",verified,verified,verified
2iDtIht7W4,0c20cb898d,AceVikings/repro-a-sketch-and-project-analysis-of-subsampled-natural-gradient-algorithms,1,"For linear least-squares problems, subsampled natural gradient descent (SNGD) is shown to be directly equivalent to the regularized Kaczmarz method, and SPRING is equivalent to the Nesterov-accelerated regularized Kaczmarz (ARK) method (Theorem 1).",verified,verified,verified
2iDtIht7W4,0c20cb898d,AceVikings/repro-a-sketch-and-project-analysis-of-subsampled-natural-gradient-algorithms,2,"SNGD converges at rate (1-α)^t where α=λ_min(P̄), while SPRING converges at rate O((1-√(α/β))^t), giving up to a square-root improvement in iteration complexity over SNGD (Theorem 1).",verified,verified,verified
2iDtIht7W4,0c20cb898d,AceVikings/repro-a-sketch-and-project-analysis-of-subsampled-natural-gradient-algorithms,3,"For general quadratic losses, SNGD requires the regularization parameter λ to exceed a threshold λ0 to guarantee convergence, and can diverge if regularization is insufficient (Proposition 3).",verified,verified,verified
2iDtIht7W4,0c20cb898d,AceVikings/repro-a-sketch-and-project-analysis-of-subsampled-natural-gradient-algorithms,4,"Under an assumption that the regularized projector P̄ shares an eigenbasis with J^T J, SNGD provably outperforms SGD by a factor of k^β when the spectrum of the Jacobian decays polynomially (Theorem 4).",verified,verified,verified
2iDtIht7W4,0c20cb898d,AceVikings/repro-a-sketch-and-project-analysis-of-subsampled-natural-gradient-algorithms,5,"A unified algorithm (Algorithm 1) captures both SNGD (momentum μ=0) and SPRING (μ∈(0,1)) as momentum-based updates using subsampled Jacobians, enabling single-minibatch convergence guarantees of any batch size.",verified,verified,verified
2iDtIht7W4,0c20cb898d,AceVikings/repro-a-sketch-and-project-analysis-of-subsampled-natural-gradient-algorithms,6,"Analysis of SPRING's convergence for general (non-least-squares) quadratic losses is left open as Conjecture 7, despite numerical experiments showing large empirical performance gains over SNGD.",verified,verified,verified
iEtOxzAs51,1d17d5fa14,bsenst/repro-sgera-stein-guided-ecg-report-alignment-for-ecg-representation-learning,1,SGERA leverages Stein kernels to provide rigorous geometric alignment in latent space for ECG representation learning,toy,toy,toy
iEtOxzAs51,1d17d5fa14,bsenst/repro-sgera-stein-guided-ecg-report-alignment-for-ecg-representation-learning,2,"SGERA significantly outperforms state-of-the-art SSL methods in zero-shot classification, linear probing, and transfer learning tasks",toy,toy,toy
iEtOxzAs51,1d17d5fa14,bsenst/repro-sgera-stein-guided-ecg-report-alignment-for-ecg-representation-learning,3,Instance-level alignment via Stein-RBF kernel and distribution-level alignment via Stein-Score kernel capture higher-order interactions,toy,toy,toy
iEtOxzAs51,1d17d5fa14,ICML-2026-agent-repro/repro-sgera-stein-guided-ecg-report-alignment-for-ecg-representation-learning,1,SGERA leverages Stein kernels to provide rigorous geometric alignment in latent space for ECG representation learning,toy,toy,toy
iEtOxzAs51,1d17d5fa14,ICML-2026-agent-repro/repro-sgera-stein-guided-ecg-report-alignment-for-ecg-representation-learning,2,"SGERA significantly outperforms state-of-the-art SSL methods in zero-shot classification, linear probing, and transfer learning tasks",toy,toy,toy
iEtOxzAs51,1d17d5fa14,ICML-2026-agent-repro/repro-sgera-stein-guided-ecg-report-alignment-for-ecg-representation-learning,3,Instance-level alignment via Stein-RBF kernel and distribution-level alignment via Stein-Score kernel capture higher-order interactions,toy,toy,toy
IalpB5Mzaz,6b4db58ff5,bsenst/working,1,Achieves up to 48% improvement in AUPRC on nine diverse downstream tasks including daily activity and heart rate prediction.,toy,toy,toy
IalpB5Mzaz,6b4db58ff5,bsenst/working,2,"Outperforms existing EHR foundation models on healthcare, classification, and time series prediction tasks.",inconclusive,inconclusive,inconclusive
IalpB5Mzaz,6b4db58ff5,bsenst/working,3,Dual-Calendar RoPE encodes absolute and relative temporal signals for irregular observations in electronic health records.,verified,verified,verified
IalpB5Mzaz,6b4db58ff5,bsenst/Time-Conditioned-Foreseeing-An-EHR-Specific-Foundation-Model,1,Achieves up to 48% improvement in AUPRC on nine diverse downstream tasks including daily activity and heart rate prediction.,toy,toy,toy
IalpB5Mzaz,6b4db58ff5,bsenst/Time-Conditioned-Foreseeing-An-EHR-Specific-Foundation-Model,2,"Outperforms existing EHR foundation models on healthcare, classification, and time series prediction tasks.",inconclusive,inconclusive,inconclusive
IalpB5Mzaz,6b4db58ff5,bsenst/Time-Conditioned-Foreseeing-An-EHR-Specific-Foundation-Model,3,Dual-Calendar RoPE encodes absolute and relative temporal signals for irregular observations in electronic health records.,verified,verified,verified
iJDJCO4mji,cf6521b3d3,arthrod/repro-mmbert-annealed-multilingual-encoder-revision,1,"mmBERT is pretrained on 3 trillion tokens split across three phases: 2.3T tokens pre-training, 600B tokens mid-training for context extension, and 100B tokens in a decay phase (Section 3).",verified,verified,verified
iJDJCO4mji,cf6521b3d3,arthrod/repro-mmbert-annealed-multilingual-encoder-revision,2,"Cascading Annealed Language Learning expands language coverage across training phases from 60 to 110 to 1,833 languages, with temperature sampling decreasing from 0.7 to 0.5 to 0.3 (Section 3.2).",verified,verified,verified
iJDJCO4mji,cf6521b3d3,arthrod/repro-mmbert-annealed-multilingual-encoder-revision,3,An inverse mask ratio schedule lowers the masking rate from 30% in pre-training to 15% in mid-training to 5% in the decay phase (Section 3.3).,verified,verified,verified
iJDJCO4mji,cf6521b3d3,arthrod/repro-mmbert-annealed-multilingual-encoder-revision,4,"On GLUE, mmBERT Base scores 86.3 average versus 83.3 for XLM-R Base, and mmBERT Small scores 84.7 versus 78.3 for Multilingual MiniLM (Table 2).",toy,toy,toy
iJDJCO4mji,cf6521b3d3,arthrod/repro-mmbert-annealed-multilingual-encoder-revision,5,"On XTREME, mmBERT Base averages 72.8 versus 70.4 for XLM-R, and on MTEB Multilingual, mmBERT Base averages 54.1 versus 52.4 for XLM-R (Table 3, Table 5).",toy,toy,toy
iJDJCO4mji,cf6521b3d3,arthrod/repro-mmbert-annealed-multilingual-encoder-revision,6,Adding low-resource languages during the decay phase yields a 68% relative increase (12.1 absolute F1 points) on Tigray despite only 100B decay-phase tokens (Figure 2).,toy,toy,toy
iJDJCO4mji,cf6521b3d3,arthrod/repro-mmbert-annealed-multilingual-encoder,1,"mmBERT is pretrained on 3 trillion tokens split across three phases: 2.3T tokens pre-training, 600B tokens mid-training for context extension, and 100B tokens in a decay phase (Section 3).",verified,verified,verified
iJDJCO4mji,cf6521b3d3,arthrod/repro-mmbert-annealed-multilingual-encoder,2,"Cascading Annealed Language Learning expands language coverage across training phases from 60 to 110 to 1,833 languages, with temperature sampling decreasing from 0.7 to 0.5 to 0.3 (Section 3.2).",verified,verified,verified
iJDJCO4mji,cf6521b3d3,arthrod/repro-mmbert-annealed-multilingual-encoder,3,An inverse mask ratio schedule lowers the masking rate from 30% in pre-training to 15% in mid-training to 5% in the decay phase (Section 3.3).,verified,verified,verified
iJDJCO4mji,cf6521b3d3,arthrod/repro-mmbert-annealed-multilingual-encoder,4,"On GLUE, mmBERT Base scores 86.3 average versus 83.3 for XLM-R Base, and mmBERT Small scores 84.7 versus 78.3 for Multilingual MiniLM (Table 2).",toy,toy,toy
iJDJCO4mji,cf6521b3d3,arthrod/repro-mmbert-annealed-multilingual-encoder,5,"On XTREME, mmBERT Base averages 72.8 versus 70.4 for XLM-R, and on MTEB Multilingual, mmBERT Base averages 54.1 versus 52.4 for XLM-R (Table 3, Table 5).",toy,toy,toy
iJDJCO4mji,cf6521b3d3,arthrod/repro-mmbert-annealed-multilingual-encoder,6,Adding low-resource languages during the decay phase yields a 68% relative increase (12.1 absolute F1 points) on Tigray despite only 100B decay-phase tokens (Figure 2).,toy,toy,toy
