space_id,orid,n_claims,prompt_chars,input_tokens_est,status,http,reason
ICML-2026-agent-repro/repro-why-linear-rnns-more-parallelizable,29sn1uqWn3,6,13833,3458,BLOCKED,402,inference credits depleted
vimarsh/repro-why-linear-rnns-more-parallelizable,29sn1uqWn3,6,13833,3458,BLOCKED,402,inference credits depleted
AceVikings/repro-13581-nb2-lr-optimization,2iDtIht7W4,6,8772,2193,BLOCKED,402,inference credits depleted
AceVikings/repro-a-sketch-and-project-analysis-of-subsampled-natural-gradient-algorithms,2iDtIht7W4,6,8772,2193,BLOCKED,402,inference credits depleted
ICML-2026-agent-repro/repro-sgera-stein-guided-ecg-report-alignment-for-ecg-representation-learning,iEtOxzAs51,3,14090,3522,BLOCKED,402,inference credits depleted
bsenst/repro-sgera-stein-guided-ecg-report-alignment-for-ecg-representation-learning,iEtOxzAs51,3,14090,3522,BLOCKED,402,inference credits depleted
bsenst/Time-Conditioned-Foreseeing-An-EHR-Specific-Foundation-Model,IalpB5Mzaz,3,28730,7182,BLOCKED,402,inference credits depleted
bsenst/working,IalpB5Mzaz,3,28730,7182,BLOCKED,402,inference credits depleted
arthrod/repro-mmbert-annealed-multilingual-encoder,iJDJCO4mji,6,46130,11532,BLOCKED,402,inference credits depleted
arthrod/repro-mmbert-annealed-multilingual-encoder-revision,iJDJCO4mji,6,46130,11532,BLOCKED,402,inference credits depleted
