band,space_id,orid,sha,n_claims,logbook_chars,prompt_chars,truncated
m=2,Edd16/icml2026-zCkFbxKeF5-repro,zCkFbxKeF5,03293850b2cd11bae14e61d58ac43ecb050d1189,3,3779,4984,False
m=2,sugan04/ICML2026_83_repro,TxHOT32Maj,086867b0702fe23f233f453cbd88cb1a50067452,4,4346,6115,False
m=2,Sor0ush/repro-gauge-equivariant-graph-networks-self-interference-cancellation,hFocSMm1Ke,84aa5f9ebf79ab1536016f4f24e5e38e5c79937d,6,24571,26860,False
m=2,binzhango/repro-less-token-more-signal-step-judge,4iupzej9nT,df3d10cf31e183f73c44007eea755171f5b1c933,2,46611,47621,False
m=2,Srishti280992/repro-strat-reasoner,V0eGsz18uZ,3e418c14cc228044690d099f7ee42bb30a64b23c,6,69662,71510,False
m=2,Edd16/icml2026-NUDNFusCDu-repro,NUDNFusCDu,ad17d8b230f6e7d693080c2ad372b216db89903f,6,8715,10740,False
m=2,ICML-2026-agent-repro/simplegpt-repro-logbook,bT6JcLswlW,0cc8a32521fbfae8645600cde64ff40b4b513497,6,50907,52734,False
m=2,divaspoudel/repro-physics-from-video-identifiability,xrXxqLadvS,b55b76bc31aaaa58cf7479187ff20ff82a6ccd79,5,8110,10171,False
m=2,imcypr/O88FCPAPAj,O88FCPAPAj,e3341a10ac8e01cb46fc6e0b487f09a5928881b7,5,40361,42065,False
m=2,RyeCatcher/repro-keeping-a-secret-requires-a-good-memory-unconditional-streaming-lower-bounds-for-different,JiB2eXY8fT,07cc266c50883c4395021d26eff9566ff3cf1f85,5,10070,11986,False
m=2,RyeCatcher/repro-deep-networks-learn-deep-hierarchical-models,hGcJZQSgLo,ba205491a2594340a88fefbd35e577151d61155b,5,11990,13808,False
m=2,SabaPivot/repro-renf-rethinking-the-design-of-neural-long-term-time-series-forecasters,emDhH9VFqm,f9fd6b2e7c24246411820b426ea1496934b99b19,6,21026,23020,False
m=2,jomasego/repro-temper-then-tilt,7Oc4ARFCTV,830b01549b2760b3ee3255d79f5191c1be7ec58c,6,15371,17584,False
m=2,bertfil/5PfEQzE9bf,5PfEQzE9bf,aef763503c99611f43d2b3f012703beb7f2f0d57,6,27969,29707,False
m=2,Srishti280992/repro-data-provenance-auditing-fine-tuned-llms,3D0x8oxOYH,3452ef4b8a7205da30653d58ace9710634f63d1d,6,120036,122275,True
m=3-5,michaldobiezynski/repro-step-size-stability-in-stochastic-optimization-a-theoretical-perspective,yhvzMLgpdV,6151d2f60dc149789c913bd74f59710e15236b3e,5,16267,18061,False
m=3-5,tongxinb/repro-triattention-efficient-long-reasoning-with-trigonometric-kv-compression,0tgzJK50Jz,c1a3a4714054a6d346e6ff1d93b3b44a71ef1c9b,5,20788,22706,False
m=3-5,sotayamashita/repro-joint-learning-in-the-gaussian-single-index-model,xf1OYJfvqj,e18b4ffe2391c6e0314a1ff6030f3cbdbdf2e738,4,7126,8847,False
m=3-5,amkkk/generalized-linear-bandits-with-memory-repro,DfZS0M8leJ,d11e1c8347e64bf5ddd67d2411deabc2538a40dd,2,6296,7338,False
m=3-5,DineshAI/w0JhOFWPJl,w0JhOFWPJl,99fe60c3e039cca7f578d252ff6252e47c84718a,6,33243,35150,False
m=3-5,amkkk/repro-cost-aware-stopping-for-bayesian-optimization,o1Tn2ie0Wy,701b40e3a22b7e390304eb85ff2ca74971ddd063,4,28896,30725,False
m=3-5,SabaPivot/repro-human-ai-collaborative-uncertainty-quantification,FzP6XZGG4d,2ab29bf46f56f9931eeeb1296194f784dd914e6a,5,33649,35511,False
m=3-5,tomyimkc/repro-probabilistic-bisection-algorithm-provably-achieves-exponential-convergence,Zlw4Kl5HEF,272a25ba9962bf21b2a8554fd6c886bc614a4d70,2,8930,9975,False
m=3-5,algorise/repro-joint-model-and-data-sparsification-via-the-marginal-likelihood,vMcu1h3fOV,e14dff1f03f7ba1a1637df60dbe5ccd33e7ec353,4,60568,62572,False
m=3-5,dave1368/repro-ruleplanner-3d-floorplanning,6n7gXOvdwm,b52a4965f658515ec1b4766f080bbfdc8a8c84e6,5,25779,27567,False
m=3-5,MarxistLeninist/repro-sam-hallucinate-minimizers,7xwOy8C00l,eb9cb2d058de1705a74fde6116efc8517dce115b,6,31963,34337,False
m=3-5,amkkk/repro-a-direct-second-order-method-for-solving-two-player-zero-sum-games,jn7gGAya5h,730223cac1a06264e7852617b7b0be0735e82954,5,16957,18763,False
m=3-5,ICML-2026-agent-repro/repro-characterizing-agents-in-production,mWxEAgz3xu,c56ac38fd263ceb3dd4526522a51c2141ee84d1a,5,55754,57205,False
m=3-5,vimarsh/repro-sample-margin-aware-recalibration-of-temperature-scaling,IkPdV0stxX,cdcaa21694eea591a5ed87e9adae9afb21fc6df4,6,62495,64245,False
m=3-5,ProCreations/repro-inference-aware-meta-alignment-of-llms-via-non-linear-grpo,Km8yqb7SfN,7c09ddd7bdae2051ec4722ca3deb229f59700aa4,6,39237,41559,False
m=6-10,rdubwiley/a-task-centric-theory-for-iterative-self-improvement-with-easy-to-hard-curricula-repro,hUjHHGOocl,29b0ca82461ddf4467385263231eeaa80545d7ef,5,120036,122071,True
m=6-10,DineshAI/82Wosp2Iu1,82Wosp2Iu1,c0901fb96613c912219b03e3a2b14e356ff133c9,6,53750,55873,False
m=6-10,sotayamashita/repro-a-short-and-unified-convergence-analysis-of-the-sag-saga-and-iag-algorithms,Y37XC7b9Xl,b81a5d29b357298f618f527ba021c6c47ec39b05,5,17667,19392,False
m=6-10,michaldobiezynski/repro-convex-basins-in-single-index-model-loss-landscapes-applications-to-robust,FtfV0UuRGz,9c208b0384c6772e41f118e82b0dbc708ebbd757,5,21180,23320,False
m=6-10,DineshAI/TBSyYj4VV6,TBSyYj4VV6,b2a648c9b5aaf7516cb585d5cb3cc1672f5f3114,6,43622,45346,False
m=6-10,DineshAI/wnfPEhGqic,wnfPEhGqic,15630a8ad54b8a8c3e590b6469fd754f2dadd402,5,17902,19899,False
m=6-10,amkkk/repro-probabilistic-modeling-of-latent-agentic-substructures,sW8U2TYDMp,06d2c41cf3275763997a3582f2d9341151c27fdc,6,14390,16448,False
m=6-10,sabaridsnfuji/repro-rotation-invariant-spherical-watermarking-via-third-order-so-3-representation-coupli,SBfIuo2Ets,c1095e0052620094278d368d971460cb980b25dd,6,31984,34100,False
m=6-10,ProCreations/repro-keep-everyone-happy-online-fair-division-of-numerous-items-with-few-copies,2XMLJj67yY,0d8b2797a06e8643eb0b566b5e4728fd2a16bf3e,5,8933,10782,False
m=6-10,rahit/repro-stochastic-gradient-methods-under-heavy-tailed-noises-in-weakly-convex-optimization,Q15yX0AZdr,bf10519b85781b51b1da7a06738954f332009649,5,21616,23364,False
m=6-10,michaldobiezynski/repro-riemannian-dueling-optimization,nDfDnsyllY,27bb53122e87347317439ae1d016326b7a016614,6,22607,24596,False
m=6-10,imadreamerboy/repro-saqnn-spectral-adaptive-quantum-neural-network-as-a-universal-approximator,QaHFVheV8X,e027baf85169cb11bfbce1faa37ca3f31e8f57a5,5,4891,7137,False
m=6-10,ProCreations/repro-gaussian-universality-breakdown-native,UHQDfvZBFi,5e06bb2cb5fa03986b6ab188ef798fe5f996ec3b,5,11789,13758,False
m=6-10,Srishti280992/repro-diffusion-flow-matching-dimension-improved-kl-bounds-and-wasserstein-guarantees,zl3akehFBq,fd8b88273f54004dc8f43fd79fde5cf733eb86b6,6,30751,33137,False
m=6-10,SabaPivot/repro-skewness-robust-causal-discovery-in-location-scale-noise-models,mXn4ueFKnQ,735991fd693006b27cd73f94c64153687b5b3b4a,6,6263,8290,False
m>10,ProCreations/repro-on-the-provable-suboptimality-of-momentum-sgd-in-nonstationary-stochastic-optimization,U1bxeLQLaK,b0764160bf954e6ecc8ada16717a12e881e71aba,3,10634,11771,False
m>10,jbhati305/repro-mirror-descent-under-generalized-smoothness,j9aoIFr5aM,bcdeec1fe7cf577cfc81a3469dcbb1245db6ed83,6,4618,6639,False
m>10,algorise/repro-sharp-inequalities-between-total-variation-and-hellinger-distances-for-gaussian-mixtures,ihMB4kA2SQ,f03cdec563e47a8d49643c75046738ce890afefc,5,22113,24089,False
m>10,amkkk/repro-prior-diffusiveness-and-regret-in-the-linear-gaussian-bandit,GeYKOC4BzB,cf5077ab9b71d0477cae40b28f78a75de3b5e887,5,16700,18643,False
m>10,ICML-2026-agent-repro/repro-grpo-rlvr-loss-dynamics-success-amplification,z9Bo4eXSpW,14b509702df8874fe584820f711c995b8491b918,5,39026,40813,False
m>10,jbhati305/repro-dropout-universality-scaling-laws-and-optimal-scheduling-at-the-edge-of-chaos,FoDU47u2jk,2de0dc43ecd4f18acfcbb92938daeca7311c503d,5,48138,50300,False
m>10,ai-sherpa/odd-estimator-shapley-repro,xILwgiWAUk,641606ff6663149a35013c0ce7978bdf8b189bf6,6,24568,26404,False
m>10,tomyimkc/repro-high-probability-convergence-guarantees-of-decentralized-sgd,xSYhEkiyp5,c014d39a318b760adb59124d3b7b5d66ccc1d11b,4,66301,68069,False
m>10,algorise/repro-steady-state-behavior-of-constant-stepsize-stochastic-approximation-gaussian-approximation,m4TAzup6Yc,4a6615890397f22da0b445611d191a8da8f6583c,6,14917,17049,False
m>10,amkkk/repro-anytime-detection-of-strategic-deviations-in-multi-agent-systems,hXO2OP0T4w,909aeea3a0dc00a52079ac4630db3afd1e59ebc7,6,12966,15200,False
m>10,AceVikings/r3h23Jv26a,r3h23Jv26a,42fb95c7b99270ab9e1b496fb1a4cb2a890c2a9e,5,9664,11794,False
m>10,SabaPivot/repro-all-erms-can-fail-in-stochastic-convex-optimization-lower-bounds-in-linear-dimension,Lzwp2KXedc,b473ac0a2749e397a34c7538f4ad97d87da06850,6,48372,50239,False
m>10,ai-sherpa/learning-randomized-reductions-repro,hCAEcqig2C,08899b21abce34b185c3ac0f348b82241623d7ef,5,40462,41950,False
m>10,RyeCatcher/repro-linear-regression-with-unknown-truncation-beyond-gaussian-features,DsV89lJ58l,7c540d293448da567bed6464e12fb9351b605788,6,13123,15018,False
m>10,abhishekkataria16/claim-4ltyJqAHMg-logbook,4ltyJqAHMg,2ab0aabbcfe8b70ab6b44632289518bbb83ddce9,4,1928,3716,False
